{
	"format_version": "1.8.0",
	"animations": {
		"walk": {
			"loop": true,
			"animation_length": 1.125,
			"bones": {
				"spiderLeftLeg2": {
					"rotation": {
						"0.0": {
							"vector": [0, 0, 0]
						},
						"0.125": {
							"vector": [2.90577, 8.9405, -8.04023]
						},
						"0.25": {
							"vector": [0, 17.5, 0]
						},
						"0.375": {
							"vector": [1.94118, 8.83476, -5.36271]
						},
						"0.5": {
							"vector": [0, 0, 0]
						},
						"0.625": {
							"vector": [4.00132, -8.57523, -6.40077]
						},
						"0.75": {
							"vector": [0, -17.5, 0]
						},
						"0.875": {
							"vector": [5.9804, -8.35767, -9.58178]
						},
						"1.0": {
							"vector": [0, 0, 0]
						}
					}
				},
				"spiderLeftLeg": {
					"rotation": {
						"0.125": {
							"vector": [0, 0, 0]
						},
						"0.2083": {
							"vector": [-0.87038, 4.92385, -10.03742]
						},
						"0.3333": {
							"vector": [0, 12.5, 0]
						},
						"0.4583": {
							"vector": [-1.62363, 6.03623, -15.08561]
						},
						"0.5833": {
							"vector": [0, 0, 0]
						},
						"0.7083": {
							"vector": [0.98448, -7.43547, -7.56397]
						},
						"0.8333": {
							"vector": [0, -15, 0]
						},
						"0.9583": {
							"vector": [1.49927, -8.44025, -10.11064]
						},
						"1.125": {
							"vector": [0, 0, 0]
						}
					}
				},
				"spiderRightLeg": {
					"rotation": {
						"0.0": {
							"vector": [0, 0, 0]
						},
						"0.125": {
							"vector": [-1.35788, -6.10128, 12.57237]
						},
						"0.25": {
							"vector": [0, -12.5, 0]
						},
						"0.375": {
							"vector": [-0.81898, -6.19632, 7.54433]
						},
						"0.5": {
							"vector": [0, 0, 0]
						},
						"0.625": {
							"vector": [1.63219, 7.32123, 12.60443]
						},
						"0.75": {
							"vector": [0, 15, 0]
						},
						"0.875": {
							"vector": [1.63219, 7.32123, 12.60443]
						},
						"1.0": {
							"vector": [0, 0, 0]
						}
					}
				},
				"spiderRightLeg2": {
					"rotation": {
						"0.125": {
							"vector": [0, 0, 0]
						},
						"0.25": {
							"vector": [1.91617, -9.08367, 5.35373]
						},
						"0.3333": {
							"vector": [0, -15, 0]
						},
						"0.4583": {
							"vector": [3.89879, -8.91266, 10.72594]
						},
						"0.625": {
							"vector": [0, 0, 0]
						},
						"0.7917": {
							"vector": [0, 12.5, 0]
						},
						"0.9167": {
							"vector": [5.64647, 6.77247, 9.37818]
						},
						"1.0833": {
							"vector": [0, 0, 0]
						}
					}
				}
			}
		},
		"idle": {
			"loop": true
		}
	},
	"geckolib_format_version": 2
}